Date,MSFT,NVDA,AAPL,AMZN,META,AVGO,GOOGL,GOOG,COST,TSLA,NFLX,AMD,QCOM,PEP,TMUS,LIN,ADBE,AMAT,CSCO,TXN,AMGN,INTU,CMCSA,MU,ISRG,HON,LRCX,INTC,BKNG,VRTX,ADI,REGN,KLAC,ADP,PANW,PDD,SBUX,MDLZ,ASML,SNPS,CRWD,GILD,MELI,CDNS,PYPL,NXPI,CTAS,MAR,CSX,MRVL,ROP,ORLY,MRNA,PCAR,MNST,CPRT,MCHP,ROST,KDP,AZN,ADSK,AEP,FTNT,DXCM,WDAY,PAYX,IDXX,TTD,KHC,CHTR,LULU,VRSK,ODFL,EA,FAST,EXC,FANG,DDOG,CCEP,CTSH,BIIB,BKR,ON,CSGP,XEL,CDW,ANSS,TTWO,ZS,TEAM,DLTR,WBD,ILMN,MDB,WBA,SIRI
2020-02-01,-0.04828749199681903,0.14228338370229388,-0.11679745161890331,-0.06221372013363058,-0.04675349394996309,-0.10663252667519785,-0.06527873720973099,-0.0661679387296582,-0.07979840908492308,0.02677646887053875,0.06937321480036673,-0.03234043527156749,-0.08217068337247646,-0.07034249495925227,0.13852772776068356,-0.05966643028829166,-0.01714421393208987,0.0022416820254247405,-0.12500460408934744,-0.047123707611107846,-0.07553836471747466,-0.049977572851247154,-0.05948208903986463,-0.009983100558444646,-0.046125302682298086,-0.06379182407722972,-0.016028876125422142,-0.13155017576750871,-0.07368829740569705,-0.013301053652804873,-0.006377999983530169,0.31552939608355635,-0.07258330712806427,-0.09714664714870247,-0.21364682806419966,0.01589998691608696,-0.0754448036900357,-0.07981883002544055,-0.014074251705376906,-0.06494476434009178,-0.023735484683544028,0.09746827611643916,-0.07084460136217952,-0.08279019789449449,-0.05180438631572393,-0.10381545717718743,-0.043839949266329725,-0.11466511361313703,-0.077154850418101,-0.11397662819469256,-0.07718925568997337,-0.09204630465650443,0.26426133670450147,-0.09850447128058126,-0.06291289373433095,-0.16735655313186049,-0.06945007212298371,-0.030394670022561576,-0.017693628308503406,-0.10061596825269348,-0.03032766591616831,-0.14354245210520133,-0.11529125300616971,0.14641744548286595,-0.06163681190408654,-0.09024122240046173,-0.06088341634708849,0.06712984482721485,-0.151712371514789,-0.04694084086404149,-0.09181668316796654,-0.0453003930441217,-0.0123837151145344,-0.060692932886703965,-0.012042091471336391,-0.09413742840802686,-0.16666663530087789,-0.022938705466235887,-0.03136276902992308,-0.007331338837037293,0.14707088579978578,-0.2511247525140472,-0.19395247711037422,0.02235867324089824,-0.09929188619099005,-0.12441523735633775,-0.11715811505860618,-0.13767647718826936,-0.07309678129733299,-0.013877505347842267,-0.046399459396891385,-0.12166778667446465,-0.0841176036142609,-0.06961139288136686,-0.10009842830829574,-0.1032533178644579
2020-03-01,-0.02388283622916343,-0.023373068331863922,-0.06755410330295553,0.035020571318223226,-0.13337142752837328,-0.13029139877442975,-0.13238750488060302,-0.13179723970100332,0.01633055705735953,-0.2155570713684315,0.017532453302184337,0.0,-0.13601543691565077,-0.09035812227238516,-0.06943218510544058,-0.09428829099910974,-0.07788596796220182,-0.20914685707758462,-0.015526965778601909,-0.12449618736994073,0.022225706104269882,-0.13485040839110318,-0.14964147082425894,-0.19977172703756163,-0.07257092310760116,-0.17053637862457938,-0.1820878310121089,-0.020415834366834362,-0.20660986995399888,0.062134527718578525,-0.17343744534993533,0.09834221944895782,-0.06024470410787386,-0.11671184161110293,-0.11190557452848449,0.006987143894053416,-0.1578939911448991,-0.05151506711305254,-0.05446107921337873,-0.0662654960849085,-0.06639837567067419,0.07785460535284039,-0.20688933438858237,-0.001511921303959718,-0.11343643154297955,-0.2705602165913247,-0.3506035033131587,-0.3942745591902983,-0.18383931858285696,0.062441158226620885,-0.11342067677091772,-0.18352683120986824,0.15503279639226442,-0.08235386035925929,-0.0985419250266818,-0.188920526511287,-0.2500570028124397,-0.200496436348513,-0.12948342952219427,0.04041249578552075,-0.18220870646273013,-0.09778950163326006,-0.008720429065592672,-0.02438409777655115,-0.24836940132350294,-0.1879195746871306,-0.04821024430670173,-0.3281114367012915,-0.0012111567623076525,-0.11529495776505172,-0.12814498018062936,-0.1014120638974354,0.015944281928589543,-0.011837889731596163,-0.08679148982683882,-0.13959673834946995,-0.5774192827176342,-0.2031008122643485,-0.26354017496079674,-0.23490338722109383,0.02590871900792102,-0.3474208001873045,-0.3333333503693162,-0.12040326683760305,-0.03241326243394815,-0.181094280982655,-0.04013378389991429,0.10355412082055881,0.17060970658822927,-0.05311818329472151,-0.1151390786359675,-0.24357976821187632,0.028042237787139657,-0.10465578173027668,0.008521492208985348,-0.21941061105573612
2020-04-01,0.13632631592064692,0.10880131655699965,0.15537372525613158,0.2689001176660717,0.22727821770672207,0.16506548126764775,0.1589998772058574,0.15982839830558082,0.06267290943790149,0.492137319488021,0.11810920400403635,0.15193491462098496,0.1721477235863651,0.10893626603959072,0.04648390930626256,0.06853259522042987,0.11123688254261,0.08424271928393523,0.07809704001479933,0.16151288089314275,0.17999321346766406,0.17308714780581713,0.10167146469332056,0.13861142470604793,0.031643105379279834,0.06061766192948981,0.07004768991710875,0.10827817060683143,0.10053372314014775,0.055683967934162526,0.2225318478295366,0.0769829316186641,0.1415751560164591,0.07987579584205684,0.19852407785751747,0.3166805504852914,0.16717372739122793,0.033305964728227666,0.10239261739889982,0.21997052028812436,0.21515810508751,0.13405909083619694,0.19429781366887466,0.22849782145206876,0.2847295043292073,0.2055665973789238,0.28062548956723976,0.21561317954756376,0.15584640693741592,0.1816172529117035,0.093710802916664,0.2833084603995253,0.5355592823682149,0.13250433294336839,0.09864918623066465,0.16914776029046918,0.2939530733737272,0.05371215848350763,0.09023492617317763,0.17062206885011255,0.19878281592583513,0.039134761779903826,0.0649402556058416,0.24484727553508323,0.18184604863923526,0.08900194593099076,0.14597093712231368,0.51595857910625,0.2470324602215952,0.13504163039450368,0.17900286008708988,0.098454347116393,0.10943784127050482,0.14066086654087728,0.15904032259224188,0.0073350046344307085,0.6719446131811793,0.2540300029442508,0.05622183560963179,0.24854741138809167,-0.06179283775467481,0.328571542239368,0.2901929082352923,0.10396613916209829,0.06088999709671605,0.18794903560235854,0.1262958024579206,0.020571641757443082,0.10220179359717552,0.1328137237060738,0.08438814271443196,0.1532921533111875,0.1680946268412562,0.18741770071024777,-0.05377048389694694,0.1963560329598144
2020-05-01,0.022543305314350226,0.21465696373804022,0.08216517456740213,-0.012784941240091774,0.09955538330486924,0.07234375208865673,0.0644687863523985,0.05951091302608402,0.020378872665254733,0.06793886833783369,-0.00028580472893435793,0.02691353051801526,0.028092386458692387,-0.005593700834961135,0.13940771614339376,0.09973371674028919,0.09320209843290628,0.1308375910696351,0.13906062867791213,0.02300335498821049,-0.03979613302905749,0.07834005012221334,0.05235179891914932,0.00041760917328947933,0.13535469874405304,0.02783664049734247,0.07203865768822504,0.049183031945222666,0.10728987349385921,0.1463375595279568,0.030565596147823726,0.16530385614329024,0.07233843252632055,-0.0013636546668976957,0.19724184054491833,0.409570081836677,0.01642142898406207,0.013218946303800605,0.1482107875096541,0.15141299188036617,0.297812486045854,-0.0734523595649339,0.45956362128601946,0.12523115994166178,0.26024385777915393,-0.034849813362113014,0.11779307667142414,-0.026830878858880247,0.08077915076616593,0.2232871760996098,0.15663538257816056,0.07998134852561178,0.3372471788535554,0.06687858153941706,0.1634040133379242,0.1158407028909414,0.09449424792657823,0.06129591033220394,0.061909902104415826,0.044376552300151584,0.12424517390762624,0.025749084254190757,0.2919992444251125,0.1286097368186736,0.19187784243291928,0.054874654876038376,0.11268010839896281,0.06487117215044069,0.004615835214887509,0.09847947000735835,0.34284952497220234,0.12988240065297685,0.17757597522273239,0.07544195272337562,0.14710890924855535,0.03317147354077954,-0.022048884226923082,0.5795655658294425,-0.048940476028451196,-0.08652206657903605,0.03456527382595542,0.1835125612506805,0.027414364795832924,0.013173787580442742,0.023127796860032968,0.0009928228177777942,0.08085404466035606,0.12490701971087592,0.46228374568230657,0.19171648662591578,0.2284423872966892,-0.029884035415431498,0.1379807202523442,0.4316289003884295,-0.00808516310818419,-0.01522827769051005
2020-06-01,0.11365228357402013,0.07010889125085518,0.15049183210044337,0.12956672853391127,0.008796566580457466,0.08356487783423239,-0.010791727617387448,-0.010714431565954197,-0.01705194280498412,0.2931856328270819,0.08412550123737494,-0.022118933895620696,0.12771998721856415,0.005397127893826736,0.04108366074505354,0.04828509928541469,0.12599583726347796,0.0802899943748352,-0.024675844937420477,0.07766752153651257,0.033767758070687215,0.020219373709844612,-0.01565672511985694,0.07534986820684364,-0.01758534423901481,-0.0013299425983298585,0.18193421595206138,-0.04389061780179693,-0.028717514981574377,0.008160877112271425,0.0916922170211687,0.01768905027439982,0.11059193238164489,0.016383482774509073,-0.02380246603229874,0.2836846539875193,-0.051085041765968064,-0.018994460326386076,0.11690082368938537,0.07788400891421632,0.1421250848868998,-0.01143505083979135,0.1574553985839373,0.05115563722325467,0.12399201278505645,0.18668051177527678,0.07420539726373865,-0.031299586817622016,-0.022251447321856355,0.07480062929191322,-0.014068088585119098,0.010617446306790734,0.04406502576378313,0.01808323824812752,-0.03601729711286161,-0.06846406520157933,0.10134912237921934,-0.12087463377781604,0.017192055218640867,-0.031318762853910775,0.13694266037612146,-0.057435307054111484,-0.013864930942881104,0.07160793135977017,0.021425110895123556,0.05860917752212802,0.06889406385295294,0.3047246548562794,0.06027077305388562,-0.062426454880658344,0.03968678247211099,-0.014361698463519645,-0.008767259458897336,0.07462569799250529,0.03829363417774845,-0.04244910595161844,-0.008753743176322715,0.22000843333421471,0.0015914611817919866,0.076532521924076,-0.1287570712704561,-0.05682801494517009,0.20194056821871342,0.08201889483202618,-0.03890507365808171,0.05117282291392988,0.030848095358049887,0.02496885658362924,0.11632178701287055,-0.027145162959829494,-0.05302955242419771,-0.029885039932426416,0.020107474331357844,-0.02485892144796975,-0.0016176304924829799,0.010912869076228793
2020-07-01,0.0073706654257186255,0.11811686467336369,0.1651318755408817,0.1471136218500213,0.11714442203310105,0.01395171755648561,0.04929310270161258,0.049058841735158065,0.07361240190719953,0.3250108843981532,0.07436707916321583,0.47177341583114574,0.16683926232925783,0.048907710800578874,0.031012808450274543,0.16102784977954565,0.020697916005047112,0.06418531662689486,0.009862684696431367,0.004567952544174414,0.037352633347286224,0.034369801387649,0.10452297676340216,-0.028338345161206924,0.2028850768380719,0.03305897782024836,0.17064155659781655,-0.2022396631543898,0.04382860169635139,-0.06307050295399563,-0.06351911197360516,0.013501134579553709,0.027509320267093518,-0.10209092509756457,0.11429442714014293,0.06943158164181296,0.03995082960934626,0.09148446556021272,-0.038882575046225054,0.021641031901041607,0.12872665185823196,-0.08826463008973184,0.14085432995006575,0.1384952171980356,0.1253516164394166,0.03438873418378652,0.1333160837734595,-0.02216247847197428,0.022942224614665996,0.04021695564705019,0.11381533735378446,0.13211750819607593,0.15402584536152175,0.13667317967701242,0.1321408497177663,0.119851131971489,-0.03399503628220024,0.05197084336375202,0.07711252940878333,0.05464185327942861,-0.011538984645903416,0.09090879849688016,0.007503437416782832,0.07434636187028043,-0.03437234425932445,-0.05056120614185011,0.20471891079533444,0.11025826015652562,0.07808115756271183,0.13716569344170648,0.04352420161925763,0.11059765783523146,0.07994002239792053,0.07247242948005828,0.09803915732902535,0.06392938072163412,-0.04686726851911893,0.07947100522870199,0.09030736221887325,0.20239329429501418,0.026686656603260417,0.006497835587723433,0.0393542229392263,0.19571666623366846,0.11198705930859187,0.0006024481696369488,0.06468307821121577,0.17518088174521096,0.18584480459831632,-0.020081046708720685,0.007229155877634286,0.0,0.03188874676376474,0.012105706183160203,-0.03963188080368785,0.00170378754139211
2020-08-01,0.10009271391658547,0.2599919926547971,0.21437957643625416,0.09046103369298208,0.15583242311914147,0.09597462874665164,0.09515115115115114,0.10197173784055513,0.07027863171910997,0.7414521252787116,0.08321058801644488,0.17293038017401874,0.12773398233438593,0.01743401667159583,0.0866084412474164,0.018889513127500646,0.15545104020899658,-0.04243756675311727,-0.0965479420238674,0.1221366588630548,0.035353879411337275,0.12929061013498155,0.04696280193066782,-0.09089118192396406,0.06623481959827471,0.10832149216047204,-0.10822983478814241,0.06746276597349365,0.14939864827316862,0.02617645263671875,0.017675229504170442,-0.019206756384202772,0.02657266741701836,0.04649762088945808,0.005822123784188227,-0.031154689708877914,0.10375043304096598,0.05280218012788773,0.05784226167720674,0.11083225427046184,0.11068910553434397,-0.03998272050676255,0.03909762488132107,0.01519454152960531,0.0411587278215646,0.07002470376707426,0.10391859714469498,0.22760344522827736,0.07176914465074136,0.06501581844378745,-0.010872593733418201,-0.02461351518667898,-0.1242914881798437,0.008932613848603888,0.06855245952206812,0.10798927286674775,0.07834462364220807,0.01572443192509887,-0.01966680191899184,0.003944061525525289,0.0392082415921442,-0.09265651985996504,-0.04548081804431803,-0.023258494475984937,0.3249503047751694,0.07245543511256769,-0.016819616446024477,0.06642739299521438,0.019196984253037952,0.061396526468211254,0.1538131320161069,-0.01081040933194255,0.10589665058291442,-0.015181375453211743,0.04439902473101598,-0.04403006598645853,-0.022579148677129735,-0.10984442245418746,-0.00024295799616613767,-0.02136973551686694,0.04714409731673297,-0.07811494350588932,0.03737866230606035,-0.0013650597496456252,0.006228332113164647,-0.022365665049341565,0.0914681362003611,0.04371416889512392,0.10388902272072942,0.08553637776634115,0.03128010944483095,0.04597153060747616,-0.06526062958555234,0.020604160917477632,-0.06607712496274043,-0.0017008895869047302
2020-09-01,-0.06514228528960053,0.011663989395905183,-0.10090799084247926,-0.08757859185260553,-0.10675313457453817,0.04946016720660196,-0.10059964117526066,-0.10071101067726573,0.021112487987815287,-0.13908741409927106,-0.055763273123796475,-0.09722530126321838,-0.011922746587785582,-0.010423889762345206,-0.019883400664803097,-0.04648831950015797,-0.044722377369140975,-0.03169561473020355,-0.06703015770662879,0.004502318935548866,0.010036570319709837,-0.05553146391880892,0.03235859372287586,0.03186116807270545,-0.029144509175223043,-5.5633412368694124e-05,-0.013647002786588591,0.023192511778999503,-0.10456699776970313,-0.025078819584605783,0.003967229165660724,-0.09702702577638345,-0.051506123313961094,0.0028758049324519863,-0.04918216597752845,-0.16629188789679883,0.022698783871587747,-0.016603836089324364,-0.013122100645208357,-0.03307730331348768,0.09218168820358974,-0.05333340014531607,-0.07368708261251933,-0.03858990413281904,-0.03482904198887782,-0.007554130006984572,-0.0012303577590889736,-0.10037895830095311,0.019303604817677344,0.02372381298369608,-0.07509536363301428,-0.009771746371224466,0.09030668308630596,-0.0029224323384619,-0.043644212204520194,0.017808787966705042,-0.060064249794569036,0.02459374052173091,-0.07475703376223963,-0.01360548751742563,-0.059788370467504626,0.045359400839110275,-0.10756761255321745,-0.0309818588240105,-0.10254057462188015,0.04315378105501,0.005242131145519746,0.07787237067855557,-0.13546879172216675,0.014181123944766227,-0.1232465106493078,-0.007285617257195343,-0.1051538660713357,-0.06496023429874542,-0.07715929872641991,-0.021475215603100284,-0.2203217882114653,0.22274087289767053,-0.05709409970696311,0.041714807646630714,-0.01376728469957944,-0.05922995301349665,0.014974248116861544,-0.00010608868114692083,-0.006621553783073497,0.05534596150923443,-0.03474823291336149,-0.03487353896584289,-0.018487470100373327,-0.05199208128026778,-0.05121014310880678,-0.013593078441722972,-0.13476293176174903,-0.00979473274179099,-0.044373763890711126,-0.08486946132938622
2020-10-01,-0.037369824287432185,-0.07337121786504153,-0.06001215119927272,-0.03575408533520552,0.004620054280709551,-0.03157248892362763,0.10269508528556281,0.1030279544426409,0.007380381574568551,-0.09549891131606025,-0.0485771025822852,-0.08171724750346454,0.05388102293279773,-0.03139665980205841,-0.0418853626440473,-0.0712262438060065,-0.08835101282419056,-0.0037005573693723592,-0.0886009807598781,0.01260589795032585,-0.1464431951905375,-0.03534537656002312,-0.08690002628082405,0.07197603032189104,-0.059841596249014084,0.0020653430305335174,0.03513550922170139,-0.14484336090896666,-0.05154675693090316,-0.23430837737365795,0.015333340416471719,-0.028975724194117425,0.01775551564645217,0.13996875474127468,-0.09626147834188747,0.2134861969696642,0.012104293790001108,-0.07023280308153512,-0.021826808507357742,-0.0005607772669566913,-0.09816494514525631,-0.07011736937115476,0.12154503615152379,0.025696385292518942,-0.05532149400606756,0.08586977924656503,-0.05492278771235748,0.0032402270760565344,0.016351146081840406,-0.05516408058562228,-0.06016044889848349,-0.05309269797359384,-0.04636040677451414,0.0011726610333449017,-0.04526181286217035,0.04944842874816113,0.02257704779162073,-0.08733387988766561,-0.025362301134443488,-0.08467158504952121,0.019609535894616226,0.1003304637544109,-0.06315256991790197,-0.2247532250075196,-0.023288289182878508,0.031089731117013963,0.08066450396648572,0.09188870536915084,0.02136885409809186,-0.032866737112147826,-0.030603839820561807,-0.038179408581074714,0.053796422493728624,-0.08112872809333715,-0.04125093015176584,0.11549219910419817,-0.13811414331232508,-0.11168758078599494,-0.07987646575975793,0.02881052994836608,-0.11142832123409441,0.11136173496344015,0.15675424319107778,-0.029345534226670855,0.021157216511743737,0.025684038005183707,-0.06985916664622716,-0.06234113893994542,-0.03511267578137711,0.05407339344351314,-0.011167031792876037,-0.07028023217610335,-0.05299590745712868,-0.013131153549584829,-0.05233839132821316,0.0690297747926436
2020-11-01,0.05729259222514527,0.06921165778921057,0.09360652712658979,0.043439868865324804,0.05267769333929362,0.14858564790457374,0.08556973516702016,0.08619937697052671,0.09759775796753978,0.4627358021475634,0.03144579450906826,0.23070796301451169,0.1930123948884026,0.08207666729397878,0.2132884292349897,0.16374703350338593,0.07016326255635197,0.39253753337977715,0.20938183525374643,0.12323435930854942,0.023508689761488677,0.12063433658993095,0.19539567547551662,0.2731427874805612,0.08840017059430427,0.23625348618817088,0.32325777258604593,0.09191500300572342,0.2502003077610242,0.09306008510678176,0.17337350873169854,-0.050647524441404634,0.2778682575791229,0.10078492157215857,0.32881229900147346,0.5426760655693781,0.12718504597088742,0.08151372796781531,0.21184341871114754,0.06378003998279347,0.237726124935282,0.04333612409532672,0.27946121953873004,0.06336289778864757,0.15037871111644519,0.17243943247527094,0.12955012923077924,0.36595623653723863,0.14073988953124816,0.23581083597866082,0.151382168928065,0.013376079377575678,1.2638209979207158,0.019676814799498787,0.10722213813757686,0.046121749816420365,0.2789301997332345,0.2624164520874497,0.13815591448695108,0.05542263730869612,0.18973430828753624,-0.056043573328579344,0.11651719547334327,0.0003129298069890485,0.06981724019536362,0.14110328502587355,0.0851184102412399,0.5907317773876168,0.07682252281959667,0.0797754004932989,0.15951013596661223,0.11428872758061948,0.06823581152142921,0.06609356159496915,0.15027193667309868,0.029581268123793247,0.5392913649588442,0.09002752803245517,0.2511902215632673,0.09395092086386558,-0.04720914352958838,0.26743399325948514,0.1458748435692856,0.10558394311705155,-0.03812662585421511,0.06435571391338524,0.11068765969666305,0.16518200774817915,0.1473296500920811,0.17445991434310293,0.2094773940752075,0.3295454620415472,0.10040991768073915,0.2575392656519966,0.1166274304588284,0.13263532288663304
2020-12-01,0.04172574916808203,-0.02585519083846366,0.1164964999964957,0.028058383014484267,-0.013756028754924654,0.09031833267936062,-0.0010030950532697869,-0.005031984015366864,-0.038262303749263094,0.24325228028976542,0.10195632161633328,-0.010252585150988924,0.03512925755348584,0.028218979525794774,0.01436732899454607,0.027650076511951394,0.045248383056930574,0.04941865823637137,0.04021364815973283,0.017860431736754334,0.04252328577014208,0.07905810729289886,0.04299379305889395,0.1730380106163747,0.12678197145617576,0.04794655466507769,0.043321756903105246,0.03789784964244802,0.09801578101206165,0.03771677865155043,0.062194672612062796,-0.06379482215437782,0.03152277018820748,0.013342499485228476,0.20913851516961213,0.2799510214957548,0.09655649712470105,0.01775456798931252,0.11852573727841498,0.13951644059065926,0.3819155076404446,-0.03972307902037986,0.07847013712271833,0.17308675060880985,0.09377919992976347,0.003724015580694573,0.005280252840182964,0.039804556025916815,0.010622224437105698,0.027003710843865658,0.009578353446053178,0.02289577078680649,-0.31602725243205054,-0.005426663660235476,0.0908233626858348,0.10220877751125368,0.030726797218548096,0.14220597460193773,0.050903139455728,-0.055723324987736245,0.0896049115624078,-0.011034491441847316,0.20530712832665787,0.15653156184745143,0.06592823420460059,0.00032218451737109355,0.08436371036490087,-0.11105689384154194,0.06480615592087768,0.014662798051787718,-0.059937340954677065,0.04679558321409871,-0.040224372145177045,0.12407053134387258,-0.012537824660518337,0.03730520094997436,0.22539383931542978,-0.004852362883380534,0.14423199207111081,0.0518982647063988,0.019527844764803293,0.12667489797380194,0.13843476668648091,0.01505652733136742,-0.010243469270379335,0.013050363424138345,0.0761403017815312,0.15112735920150833,0.2822472341179274,0.039191255035891936,-0.010984959462729704,0.11817169539975292,0.14874725762003815,0.24966068565609012,0.061665930256188384,-0.015984050141122252
2021-01-01,0.0428919905882339,-0.0047043845109749904,-0.005501250321497841,-0.01557601223652838,-0.05429059366409361,0.03765793276431917,0.04263268291853839,0.04786855609805696,-0.0401255685527484,0.12450585757436827,-0.015423531377126043,-0.06618689080165874,0.030290752397758025,-0.07253563931454365,-0.06503523319492344,-0.06524934666661619,-0.08268016977370907,0.12027816455226747,-0.0037987040339990674,0.009504876577678845,0.05006081521292005,-0.04901924883245867,-0.05400777229989928,0.0411011290173422,-0.0861264320711419,-0.08147621638723479,0.027357124063012606,0.1142111419379035,-0.12703445664220725,-0.030718433694381875,0.001707684569515644,0.042909506354423144,0.08172731264033195,-0.05784282079316927,-0.013056099009571942,-0.06731576280934859,-0.09506444033309747,-0.04668390125076349,0.09521838451042108,-0.014619632112724323,0.018789517467286077,0.13873118485491798,0.06225453426198557,-0.04427174089561481,0.00046968664297586393,0.011596787492481164,-0.09998316500571813,-0.1183292472837204,-0.05498621102520718,0.0838330978399282,-0.08856604985778527,-0.05988025203822511,0.6575093485094528,0.06584193024759921,-0.061094304939331545,-0.13752455795677798,-0.014481052058860966,-0.09380336808655265,-0.0062499419563945,0.012202315956557186,-0.09140631426229551,-0.028341233088035822,-0.025449357953665208,0.013875378302160568,-0.05041526564118215,-0.06288908142660776,-0.04239102696379793,-0.04370785914327713,-0.03317946834497365,-0.08161135398776709,-0.05559867302067378,-0.11481387364965456,-0.004577206266276557,-0.0014565381135791533,-0.05873875998753553,-0.01563245660437229,0.1712810476776505,0.043782989147721274,-0.06742921393333234,-0.04881022228865761,0.15416966694075485,-0.036450906632746194,0.05377336269006916,-0.026582861201201236,-0.03384461038451625,-0.0009863039680396701,-0.025920816361180488,-0.03532410883609416,-5.0121502621292e-05,-0.011715869036564741,-0.05905217696551357,0.3765369876670801,0.15254054713893583,0.02943955145689059,0.2600298271405508,-0.017268262503802756
2021-02-01,0.0018106171847347419,0.05579416671155801,-0.0810854130084242,-0.03532841376742368,-0.0027483492461256587,0.04299657521457512,0.1064651338812379,0.10955800979459895,-0.060806563800406166,-0.14874045049393914,0.012133888239368673,-0.013194736822412345,-0.12855140774218732,-0.05403834847066036,-0.048461307353561356,-0.004604611002120063,0.0019618205977194325,0.22248649685011124,0.01466791245750887,0.046017189280674,-0.06838416767869493,0.0817633596729801,0.06841170337174174,0.169413766268542,-0.014498931421474293,0.03572692850694015,0.17200129417413446,0.0949379739934113,0.19758985172302568,-0.07215819210394303,0.05762570663230515,-0.10572798785499227,0.11125748710962413,0.053900366199129524,0.021553850268925645,0.03288876185765144,0.1158969697201182,-0.041125628691758065,0.06164840681221451,-0.04008608477865738,0.0009267699046056066,-0.06402440363010253,-0.07946008937184112,0.08206148476362096,0.10900093385274823,0.13759569463168653,0.019552341414641017,0.27306328308364414,0.0675138893374827,-0.06179546585885076,-0.037635203349259516,0.051378440991949326,-0.1059713889780366,-0.0025211076135855937,0.010480202850685405,-0.005375820846383772,0.12137247859055811,0.04807263729960676,-0.03569735879301761,-0.043873560685542934,-0.005154427111463744,-0.0748981951733606,0.16649394016578323,0.061171114585627295,0.07757216187393734,0.050254425956033355,0.08667583953624103,0.051436735357347274,0.08564631963681024,0.009645113857248866,-0.0517220408264073,-0.1070844887929614,0.10706197179620625,-0.064455527847049,0.017108881676928034,-0.07122236096860612,0.22208501154834437,-0.07143548747338813,0.09640615295436672,-0.05734444425973728,-0.03442900454011222,0.21851679011959013,0.16758476364196628,-0.08441610256668564,-0.08438822399967971,0.19162981717262118,-0.03775716078441638,-0.0797704688341988,0.02669004462947533,0.02842552644240537,-0.0340350835060691,0.28029939941079407,0.03041459794214596,0.04415467106143156,-0.04616902222686703,-0.06549524831807585
2021-03-01,0.016925035694162593,-0.02670538549906254,0.00884500290846768,0.00037178414851712915,0.14327303861316798,-0.013216296925575133,0.02008499955309917,0.01559752123827396,0.06699717150680029,-0.011206569460841198,-0.031901277201904055,-0.07111586775897039,-0.026433610255718998,0.09489890968808212,0.04434441417988211,0.14684580677880987,0.03415489640574809,0.1325284486995697,0.15244014141616802,0.09705682966819262,0.11444073436786129,-0.0181473538700484,0.026365611038626113,-0.0362722628904355,0.0029044507823918764,0.07749373423854378,0.04945408459836953,0.05936944876202621,0.000571254940270105,0.011009156924457031,-0.00048550568451455334,0.05009212099636695,0.06449513849247457,0.0830364225726481,-0.10116939829903959,-0.21780788724971123,0.015784623681309062,0.1010160002478897,0.08864556487137376,0.010480779719681532,-0.15504632172761135,0.052605800821296844,-0.10131796533033488,-0.029059401454002876,-0.06546087883811236,0.10293062677919096,0.054587939460305934,0.0002701598070009581,0.056363040747715365,0.014498821114449889,0.0681108888272608,0.13395036153708495,-0.154124416940972,0.024605953028987493,0.03818097282521604,-0.00503850341980816,0.019508920391448692,0.028034970581569674,0.12614685907028012,0.04756137706424801,0.004166644552479726,0.14203243699330614,0.0922119742633889,-0.0965105944207103,0.013255567734263396,0.07631499453515889,-0.05932673234797681,-0.19087647995416623,0.0995051377728342,0.0058687958028602605,-0.015945846180357992,0.07836412269365067,0.11938351044838602,0.01045022229980841,0.09090199584739445,0.1331606440463251,0.06076806457727324,-0.12650672739689006,0.023748791881309295,0.06650977806305192,0.025175883151049572,-0.10998306662380486,0.0332753945208748,-0.0022700357046701036,0.13517675195518386,0.05916810901581693,-0.004193650009486682,-0.04206879260100138,-0.1627079003510199,-0.1133361497151062,0.165580474964786,-0.18046388676441727,-0.1259643741431017,-0.30705050721349747,0.15633980466183872,0.043608755919732456
2021-04-01,0.06960152993679514,0.1248427135611454,0.0762175742484319,0.12066273709568343,0.10372453694819894,-0.008398380160486552,0.14107980810337506,0.16508019310029476,0.055634282682521574,0.06214724771921731,-0.015699886636955207,0.03974525791824246,0.05182509608544095,0.027296437009765917,0.0545934605206273,0.024734635221318246,0.06935650453196018,-0.006661405953087285,-0.015470808898133237,-0.04487011147199915,-0.03685536843742676,0.07596755793788579,0.037701096103182286,-0.024260274780871893,0.17059573145019225,0.027502697674865573,0.04488359028694999,-0.10109383289683793,0.05847608132671134,0.015403218241868633,-0.012380462049096819,0.017246423662971022,-0.04555082448712666,-0.002758790303918346,0.09728004004828072,0.00037337758549171873,0.04777156200475696,0.04442106889920905,0.049792604395755724,-0.0029058084762703107,0.14245795179740783,-0.0067708149401289885,0.06714032961322403,-0.038104978548698654,0.08009394045603702,-0.040991830988918676,0.011221644789120022,0.0027682322300541795,0.04490755498637777,-0.07697034661106605,0.1068577357524163,0.08995565280002471,0.3655594615622413,-0.03271642310671663,0.06542987104488462,0.1463953727697842,-0.03176123010601306,0.09452963411741444,0.0475618979148682,0.06737726257813792,0.05325639578089936,0.04734363181081047,0.10741790266316231,0.07432034938757659,-0.0057561193009714184,-0.005406922936528558,0.12196765439813984,0.11915721919423872,0.04280734792735941,0.09145569169481904,0.09311727154078309,0.06692869885612751,0.07432313017090642,0.0508693187833249,0.03977737475228049,0.03742561200269545,0.11842417891044166,0.02915767232966604,0.08934047237375253,0.02918578522843518,-0.044396830840873536,-0.07080044624811666,-0.06272532016503396,0.03959164467662024,0.08001545207945093,0.0758973997748047,0.07686419569788061,-0.007470243849615477,0.09302732796086244,0.12715887146641847,0.0038441590505475798,-0.13345603679804874,0.022861008267223593,0.1122910653320166,-0.03278702670363676,0.0016421189871029807
2021-05-01,-0.00991356274182742,0.08228131300693642,-0.05210706955102773,-0.07047025525869377,0.011228058898229865,0.035357205844141815,0.0014233865084067876,0.000597578450869829,0.018786282944312616,-0.11871335524117277,-0.020760655447744858,-0.01886793511032847,-0.03069190142402589,0.02622091220260092,0.0705364661676986,0.05163738428773401,-0.0073966435706659395,0.04084065450715024,0.046538055922545674,0.05738042252162967,-0.007093860164356758,0.06686870226827701,0.025873241352569964,-0.022423702919623922,-0.026381580987598907,0.03528499653480677,0.047385042414286316,-0.007126700693217858,-0.042387085260037094,-0.04385880934590358,0.0746928646745415,0.04390194352529586,0.004883484084771794,0.04829124732848866,0.0279011868318626,-0.06757258207481265,-0.005328130936205655,0.044729734878532934,0.04223111993752027,0.02946652170014019,0.06541652558146915,0.04159465449043931,-0.13514490264865653,-0.03627537568267647,-0.00865461686414648,0.09822868148272468,0.024337997061212535,-0.03326143902538359,-0.006252970486595011,0.069622211491702,0.009405525895292755,-0.03212272031684227,0.03461574169043691,0.01869150670857933,-0.028645093470103244,0.0361416134719994,0.04431427036154023,-0.03474873481213414,0.030962331352294203,0.0697192874782635,-0.020725628565816057,-0.030549031551848405,0.07006804741409178,-0.04327892046341508,-0.07400809222387394,0.03743956880923238,0.016612315851685988,-0.1935665303792823,0.05570375474878042,0.03130153197378416,-0.036209575949740946,-0.08166831703339628,0.029634466223800393,0.0059823066270134895,0.020056150944544937,0.004005302975373715,-0.02031085847380487,0.061560063137978904,0.0651179855801538,-0.10995033831932643,0.0005611956069206947,0.21513918921494923,0.026666690141726734,-0.0005032509062042889,-0.0058906930663330526,-0.07239371706866327,-0.07580813034809786,0.05804534378125625,0.03496054988239172,-0.01801649614111156,-0.15143604260057308,-0.14737119648294228,0.03258328691037171,-0.018557080522559888,-0.008286223231995793,0.024589941249214098
2021-06-01,0.08749427376223728,0.23133998048351656,0.10097629695316401,0.06735498737093981,0.05773730884553818,0.009548603821121215,0.036039653503386226,0.03929404965123218,0.045999079388271635,0.08713734718910104,0.050516148321220644,0.17295202494301298,0.06236091087008844,0.0015549024955032742,0.023895453052496185,-0.03825686624040869,0.16064852002322239,0.032715516595557714,0.0018902655862231832,0.013064892213183077,0.03162080007700774,0.11633160139206788,-0.005580845824361136,0.009983381496219357,0.09197561738960669,-0.04603074215247005,0.0013079383570577807,-0.011103427447075043,-0.07345174729310355,-0.033552220851127856,0.05035194928289588,0.11167722104474431,0.026211686652614752,0.013263819667045817,0.021472801812908004,0.017136446482343803,-0.014270615614202398,-0.017157491764051458,0.025739636827740275,0.08433597749421562,0.13126268045587763,0.041597342548831406,0.1465550786259937,0.0774077456950153,0.12099078263941498,-0.026960450020002136,0.08286250122398675,-0.04917129819236943,-0.0360664337997344,0.20766039451791385,0.044865646899960865,0.05809916867087028,0.2700935230764345,-0.021754845555450153,-0.03097484112576432,0.02185882834115871,-0.04324976444523665,-0.018909848713438038,-0.046536822288164914,0.05513474619159586,0.02112925507042762,-0.008065491470362285,0.08991489632817506,0.15595977981806608,0.04380904258037388,0.06792319302729499,0.13158697097158223,0.31533311276486287,-0.055916968519001964,0.038759998523619554,0.1294834763273205,0.010935453500562797,-0.0438879346062675,0.0062967374634186335,-0.019607801996472607,-0.009148971045528698,0.1785061964884327,0.1431081641138432,-0.01982817770208878,-0.028856646559840105,0.29456398531167616,-0.05605197058221956,-0.04395609630338315,-0.03021079373485569,-0.07054172622047439,0.058315998444187445,0.026987024475650045,-0.046022814175971094,0.11256437154413379,0.10108018988192091,0.02051282051282044,-0.04453442161302168,0.1665762113365532,0.23833659652801664,0.007654629399811874,0.049009601157019134
2021-07-01,0.051716584215198314,-0.024948613343790282,0.06498236426398285,-0.032722282722282725,0.024704514314005444,0.025919694650561764,0.10350603127969737,0.07904009502430975,0.08605662803548286,0.01103427987887895,-0.020143530425078326,0.13052275201105168,0.05341352442960923,0.06699454959672968,-0.005592737620697119,0.0670073528745716,0.06145411743420559,-0.017345576088378167,0.04471684420258648,-0.008736507696770035,-0.00906663079478931,0.08119601924040998,0.03174338943932997,-0.087079284639341,0.07809578592006838,0.06583072842295801,-0.01846188759059264,-0.04310646881056179,-0.004492538970132354,-0.0002479941008128872,-0.027532566800261615,0.028771454070261715,0.07387187644000548,0.060408472692631277,0.07546148635202998,-0.27877497219763747,0.08603890329514097,0.018208302604844295,0.10986595295210377,0.04423648903678812,0.009152055525453395,0.0020678679266541433,0.0070034547890296395,0.07915499190554853,-0.05472077537344189,0.0060729516059150335,0.031884920840621334,0.06929386195148979,0.007481200584147585,0.037373660583295054,0.04495960646431252,0.066459446888119,0.5048089732434811,-0.070140195152114,0.03251232917693492,0.1150724262932672,-0.044210178357641516,-0.008198353058999852,0.0045077974123692854,-0.044407342891306434,0.10013707296168661,0.041730792056903,0.14295313202673676,0.20728339523565564,-0.018178820041972243,0.06076431861528242,0.07438847662412895,0.05881596452765514,-0.056645145247188555,0.0313257678335892,0.09644631638024759,0.08894491576160868,0.06208110841917125,0.0020960797398479336,0.05326927910537571,0.056194857786532326,-0.17850687103870078,0.06360487125983383,0.046190086374432004,0.06165162844045957,-0.056429891839608004,-0.07127252304939335,0.020376243962055618,0.07280848589128541,0.04284297151674865,0.049814021111976636,0.06166079077687847,-0.02033671910873225,0.09187265726101135,0.26574793139615727,0.0029145820656013566,-0.05443285722563085,0.04763214841599894,-0.007191789292290474,-0.10378246842274641,-0.010703434241790766
2021-08-01,0.0595627413130595,0.14800748600196423,0.04092974083909828,0.043034169499993835,0.06477688499154244,0.02433047196757321,0.07400915762835969,0.07573536140229575,0.061956155871152774,0.07060538379906944,0.09973529065962938,0.0426593716465582,-0.020760896880140378,-0.003567863079303346,-0.048604440391101345,0.02342288861518038,0.06767692517054358,-0.03430265704154767,0.07335194770074338,0.0071070944203399655,-0.0662829540553258,0.06943957322183891,0.03587942423138846,-0.05001294203819329,0.0626349395399759,-0.008041406644483384,-0.05112876910004793,0.006329037613512112,0.055737165051552795,-0.006399486720925052,-0.026699360323916288,0.17192537822338316,-0.023552378358750903,-0.002814295311386328,0.15534392214174453,0.0918021610815769,-0.032446584674239554,-0.01881118092759959,0.08646998599212163,0.15365117365359815,0.1080004705008879,0.06574881877621475,0.19044432287820445,0.10721302055828663,0.047653630969344274,0.04234711902442778,0.0040336978468711315,-0.07425680666748047,0.00649749552241663,0.012309354668696315,-0.015234802108862633,-0.016163237499260852,0.06529976227186784,-0.013495517989026262,0.034457167202242234,-0.018231242692389404,0.09949698986680944,-0.034966161560953,0.013064513706172676,0.018169086696810277,-0.03437862665293645,0.01645488908333359,0.15758150387540515,0.026982935114791218,0.16535840774271593,0.0115864080170609,-0.007029931359401886,-0.022707856515601366,-0.06446614336213985,0.09758750963351415,0.0,0.06222994053939912,0.0727104921115822,0.008682816321887499,0.024970987026585734,0.04743580791079838,0.00012967305516431438,0.24480584327555355,-0.06961008248850331,0.03780778896521575,0.03727846315375949,0.07250465910557424,0.13568865977267097,-0.04625774542414496,0.007325716067680066,0.09413679702271227,-0.008413413058154462,-0.07034942380957121,0.17985669118361391,0.12899853306865738,-0.09269465793301435,-0.005860050842905418,-0.07784164667249749,0.09169166363902814,0.07635182923213746,-0.030911840721681405
2021-09-01,-0.0643312121727515,-0.07439583918408943,-0.06664027427642483,-0.05351810876292584,-0.10540878706249812,-0.024697913864503263,-0.07616925379412043,-0.08384660962499901,-0.01347987972386211,0.05404233150359361,0.07229576105967994,-0.07062860918178882,-0.1207308184151743,-0.03823775009752306,-0.06758133649708475,-0.06742113045546316,-0.13255995161329337,-0.04561931246227713,-0.07777024084846396,0.006809631272624239,-0.04982916652794567,-0.04698742250431642,-0.07827942746998695,-0.036906247088232313,-0.05638979516731646,-0.08099522072306342,-0.0589762405061377,-0.00802391729315044,0.03226558029441118,-0.09436314608830199,0.03214259478620862,-0.10130684476532459,-0.012876158120259218,-0.04362806926577112,0.038955487782840637,-0.09348129162099161,-0.057467503459971425,-0.06267115361953002,-0.10555296667667857,-0.09881407277042742,-0.12533808263595414,-0.04025820509507605,-0.10069877730313792,-0.07364811353554868,-0.09855889921048211,-0.08952731253368651,-0.03583078833372977,0.09582675553068953,-0.08321807342068122,-0.01438131411230037,-0.07687059891203718,0.028581975458336517,0.021688876416164238,-0.031977310067810905,-0.08957669253977829,-0.03880270107619288,-0.021617365381679243,-0.08065882017466075,-0.04233259634327613,0.03879987382633132,-0.08036371119499808,-0.08609984214981281,-0.07330073841519025,0.03294171547046765,-0.08518818260540528,-0.017646783807442,-0.07697100540235768,-0.12179887105932974,0.03451851040085052,-0.10910290514528342,0.01132018548939806,-0.007384987325079639,-0.00813995240264187,-0.019220782608156517,-0.07591750737674086,-0.0059730275403695465,0.23435978243636324,0.02576199545093205,-0.0424314546860276,-0.024465542215940772,-0.16499959524206376,0.09490214349072001,0.03178538836816602,0.01557705603139481,-0.09090894804977612,-0.09082040538596048,-0.06817925920530676,-0.044349298116530544,-0.05791476370366355,0.06636521558100883,0.05721228465646533,-0.11997229450467994,-0.11276143559716989,0.20335356129938242,-0.06377700748169679,-0.024838567085456953
2021-10-01,0.1762912724771828,0.2341669108998583,0.05865697649141022,0.02660245759664326,-0.046613099152110204,0.10442020608437796,0.10749876550574489,0.11259467103695298,0.09389104518804414,0.436529595729082,0.13102527637772354,0.16841595310080026,0.03628153711001536,0.08176099727043429,-0.09963999323483708,0.09169537411450568,0.12964638790848237,0.061524124960792514,0.028293199481687514,-0.024608521174097953,-0.026710532040104318,0.1602939737341711,-0.08045774340301093,-0.025125473051379577,0.08976514741219743,0.029866173774261817,-0.007373109046041493,-0.08033015660051634,0.019760899849942337,0.019515923138234692,0.03588496694611565,0.05743747345634298,0.11434620161679487,0.12801319405734612,0.06281836196108248,-0.019300761391207066,-0.03843710201073236,0.05026360736758839,0.0909529424691986,0.11278844594578752,0.14655378465526292,-0.061790133382079726,-0.11812552220965145,0.1430929597173618,-0.10614502142188387,0.02817128603304031,0.13776054804923854,0.08055895519764156,0.216206862072982,0.13579833290973786,0.09356025347234631,0.018427011767441437,-0.10302446449522373,0.13558014940973862,-0.04311608411692869,0.11944919203876658,-0.03459521638581231,0.04250350286640403,0.06226377295810637,0.03862791411839139,0.11375660271534405,0.04348357112088519,0.15169149178447006,0.13961532872442706,0.16043063625834875,0.0963096119168334,0.07113682022453172,0.06557610825361548,-0.02525798565399351,-0.07239263165497833,0.1514949239171992,0.05141983098741809,0.19361497047065512,-0.014059704534542972,0.10598734197732496,0.10033076021340803,0.1322488325850144,0.18181815237716492,-0.04774831843031968,0.05228390023347962,-0.05763453875200908,0.014152761875578346,0.05025123910983953,-0.00011613417522038372,0.040544452345759874,0.025436789198104215,0.1149360345489987,0.17479062371374376,0.21600176900002044,0.17043071168202895,0.1257835432718657,-0.07643808868630342,0.023298273090689436,0.10557563409197401,-0.0006376482275581852,-0.0016392345778134532
2021-11-01,-0.003106172100119986,0.27805391491455866,0.10347147654130961,0.039923701306487036,0.002750506443655265,0.041397730865082805,-0.041530994033774915,-0.03924248996240476,0.09910187634425083,0.02761218887377903,-0.07012787489061711,0.3172252407498115,0.35718587751940367,-0.011262239397688556,-0.05407287567464791,-0.003320784218181938,0.02996800337253136,0.07713149685986731,-0.01357031208545989,0.0324022968393205,-0.039087782084157086,0.04335641673479307,-0.023896097634107716,0.21562951999428814,-0.10187469345522904,-0.07492459006020602,0.2063276191390797,0.004081561294020375,-0.13174674983268286,0.010869030688542392,0.03896481710109834,-0.005328582572619367,0.09488693416266503,0.028509043597558126,0.07434835734609124,-0.2521367367366337,0.03365703937022824,-0.0296345117474327,-0.026289190369988558,0.02347081906514248,-0.22945348191719706,0.062422964869928155,-0.19757328158479248,0.025128566161275234,-0.20508189388741782,0.11201837532739245,-0.025190474566746834,-0.07786519234750422,-0.041747071507294065,0.039956858495640235,-0.047415704274245685,0.025453087854943712,0.020914809534539947,-0.069180909906845,-0.014352955537683787,-0.06523272626690257,0.1260632315925927,-0.03630730066364607,-0.05818771622805874,-0.12103232160194177,-0.19967880682327,-0.04320633804640006,-0.012576569836897145,-0.09727057168513775,-0.05431408856916886,-0.027894512402202754,-0.0871738764332688,0.38058994944698865,-0.06352737905130612,-0.0423920709013097,-0.024892182271684993,0.06943456769893586,0.04048628497002604,-0.11429588292836501,0.041819659243495844,-0.008648052193351297,-0.0042915026956769076,0.06728518425044538,-0.06229814426021307,-0.0014085238814667278,-0.11601915416366748,-0.06937785230816218,0.277928036096702,-0.09633934481723416,-0.013314672886190926,0.014519195473589708,0.031350505387609306,-0.08353588462534534,0.08815786602432296,-0.1785737600389662,0.24192649571281977,-0.007252562816581043,-0.11981402996878243,-0.04448574287114282,-0.04721400356154004,0.0016419260798177238
2021-12-01,0.019193979154189966,-0.09992055537801148,0.07579654891302301,-0.04925196878828486,0.03664554552100263,0.20179520611891522,0.020821351973261404,0.015637007215562493,0.052504781789776356,-0.07685451947850863,-0.06147378169782136,-0.09136832523102556,0.012793419557280972,0.08718205807633783,0.06589477699073609,0.08892320109487128,-0.15345223822308918,0.0708200413632134,0.1555433532230186,-0.02027336381561673,0.14068188506186052,-0.01392015229990029,0.007002872023180284,0.1089283314840288,0.10778809844548909,0.0354584739004602,0.05780686218415498,0.05402720104917935,0.14148486101283897,0.17470847991641714,-0.024854438510650834,-0.00787081447070015,0.056542947160671986,0.06795446489741575,0.017954422327189246,-0.12330828214946543,0.07145517472910279,0.1250425237387207,0.008464884411923501,0.08064516129032251,-0.057059958664801846,0.05338734942297396,0.13462524350428406,0.05009579090111549,0.01995782602405516,0.0197886641121936,0.05199612062137482,0.11981573246808797,0.08766785208993455,0.22930988663261997,0.05970046594216427,0.10666605583049038,-0.2793462503028551,0.062038973801386676,0.14633566859468705,0.044502557812792,0.046439197432651014,0.04757531423510075,0.08443654642733245,0.062374627200197263,0.106219755854575,0.10801836751430027,0.08217157604171077,-0.045574954095346065,-0.003828969363237289,0.14513425435522298,0.08286877175569995,-0.11390445743436628,0.080197137718371,0.00880414239697358,-0.13855326895904774,0.017165391980284772,0.010169156308550864,0.061825718605790225,0.08264329798121817,0.10311521961301029,0.01487918334307392,-0.0010095500732471008,0.16690451305140153,0.1411091219425733,0.017731367516670593,0.038300300965409484,0.10564867054416593,0.016332260907625074,0.06229401869200024,0.08419515427270641,0.024624460662937997,0.0713768747852106,-0.07389692065086695,0.01320684822484397,0.04998880930937766,0.01160294166103415,0.04135991138015083,0.0627383439058371,0.1755373871440773,0.04452448251043917
2022-01-01,-0.07534496464940044,-0.1673522803885461,-0.01571229028980692,-0.10282991021845667,-0.06864871271912798,-0.11388771179183743,-0.06591899421839253,-0.06207515432207933,-0.11021654543135684,-0.11360931817914044,-0.2909833129980749,-0.20604583150860545,-0.03524683557378694,0.005656419473571983,-0.06733926427362225,-0.0770290520616812,-0.0577716818443712,-0.12188620071684586,-0.12150859191226981,-0.047646790038839426,0.009645747035645691,-0.13679611043728646,-0.006755438099650846,-0.11585934076476567,-0.20907319139813663,-0.01932757059343515,-0.17789800766020658,-0.05203871926117021,0.023715876977614014,0.10678504688742252,-0.06356022663682792,-0.03630920947336114,-0.09495248331970041,-0.1601541401112866,-0.07069478848615363,0.02641511038903044,-0.1594427355837773,0.016217079418987534,-0.14939585966024305,-0.1573948439620081,-0.11775336073431775,-0.04451709107593482,-0.16044197708637797,-0.18357931630473823,-0.08823840931211735,-0.09578181980679779,-0.11652416811287802,-0.024933515531156858,-0.08989354275906469,-0.18390654149059904,-0.11121032864612324,-0.07714198203903733,-0.3332939417295445,0.07184304373847228,-0.09704289468949179,-0.14753987493468568,-0.1100388158762825,-0.14242667119960017,0.029571485170949208,-0.0006867218551264154,-0.11166829859755234,0.016072959497839268,-0.17295486737451915,-0.19828661663136637,-0.0738340973340742,-0.13728923972470908,-0.22956600117776726,-0.24116104999251542,-0.0027859224684410044,-0.08992736856334971,-0.1473751453375738,-0.14143843684335589,-0.1575143498209296,0.007117410532512247,-0.11520458077501206,0.0032896319290967035,0.16977290452904703,-0.17966425181259693,0.021813071928621586,-0.03719584895350447,-0.058019332590788064,0.14048198245099242,-0.13133095420228902,-0.11223579974938747,0.03602068210468823,-0.07681423174644142,-0.15234838974733522,-0.08091382390299762,-0.19985685713854262,-0.14936140714613466,-0.0661827694918482,0.18564140874787505,-0.08311427535030957,-0.2347029299412997,-0.04601221085556484,0.0015750116069870312
2022-02-01,-0.039198785285782134,-0.004124935902591775,-0.0552694269582068,0.026672518265588474,-0.3263423218045911,0.002662338479902493,-0.0018218183522005216,-0.005950672906730348,0.027953136816932123,-0.0707681586632628,-0.07636846119793739,0.0795623311850382,-0.021449650374136042,-0.05636235024094738,0.13904040572067533,-0.07982914620317405,-0.12468649941837828,-0.028803109705480612,0.00769948126172415,-0.04665612208883685,-0.0029057048664934415,-0.14464142901483057,-0.05998127838782197,0.08010240484671072,0.021641192395626785,-0.07203646373590089,-0.04843034119463152,-0.022941435828748635,-0.1155802118825553,-0.05361036254141549,-0.02244326123205964,0.01605343180954555,-0.1047345074985766,-0.008391045806649289,0.14853113505311755,-0.13335560698342042,-0.06641565694256113,-0.023124113365429078,-0.015785655433099732,0.006087003698671545,0.08065770246594495,-0.12055909166556311,-0.004778928590067788,-0.004666798453500598,-0.3490171064565425,-0.0745716149307809,-0.041401842393852695,0.05598293054425918,-0.009059183894333467,-0.04231424219626523,0.02664956389781059,-0.0038511849108170404,-0.09289550320346251,-0.01268953786159921,-0.026752763631999965,-0.04928435393873909,-0.0922820954371949,-0.06506385517017521,0.02413961831567013,0.045868427470555195,-0.118339398507181,0.0027654782060497762,0.15906333553581486,-0.03849193203246082,-0.09469978251958244,0.017054060972711893,0.04937904276708105,0.22691973787094688,0.09553095014732293,0.014224562745472902,-0.04140701977424888,-0.09580386018899978,0.04007525625759922,-0.01937278470737447,-0.09209609634339844,0.029665545647274305,0.09464165755257836,0.10266237723181071,-0.1039370893289775,0.00831189101521601,-0.06632745793435424,0.07069976743482931,0.06118645102290787,-0.13041626087482272,-0.033448125030375864,-0.08775441077286628,-0.046528063497671024,-0.008203724549611602,-0.06985334089813866,-0.05740887749714829,0.08276177800124973,0.005016101412176122,-0.0637004780521383,-0.05707090902023437,-0.07375399459329168,-0.03144660774758834
2022-03-01,0.033995425479376395,0.1189666903920612,0.058820718040969444,0.061437285030015776,0.0536890560710348,0.07190551973486525,0.029694889089395327,0.03527656152447367,0.1106840997389027,0.2380088093327557,-0.0505170668933852,-0.11350738134973604,-0.11145996757078103,0.022230328058453264,0.04171745725317155,0.08931221535175515,-0.025786857995771295,-0.016112749145494654,-0.00017927114419058476,0.07935740102414668,0.076887167064704,0.013639058599105969,0.0012829499097177788,-0.12345258485858723,0.03909346822048132,0.031100942427361167,-0.04229091496881532,0.04690832138759138,0.08111408024197564,0.134553501318875,0.035536240658118334,0.12947150439088717,0.05322512611441721,0.1129915930266645,0.04755573450985073,-0.22657153609162572,-0.003908212874355388,-0.04123390739038979,0.0021304440711651385,0.06683944231934746,0.1632600482612634,-0.015728536247690772,0.05576705693266515,0.0860464549185036,0.03323506844063773,-0.026509569315115833,0.13628094152100356,0.032973085402124624,0.10769075275035278,0.049466016426340076,0.053567452795203474,0.055018224809883165,0.12148429467343114,-0.037273618338997894,-0.0533175345810889,0.02107750671530151,0.07220361234443917,-0.010176160604849493,-0.01991207382583593,0.10770724489160677,-0.02669931316394325,0.11020699292959923,-0.008069194259795132,0.23601749553546503,0.04544860739319456,0.14622887055898737,0.027632239405037007,-0.1883497392440694,0.004334615535572572,-0.09348932670856436,0.1415578177137018,0.21027407069738513,-0.048880521484221284,-0.027519238544382207,0.16064277375471336,0.12843555892266045,-0.0073858770931928275,-0.05983489139797726,-0.050771207864547474,0.04425380487146824,-0.0019429809676955179,0.24779875954967845,0.0,0.09178827147814994,0.07188458580612345,0.04036000910954218,-0.02017338133708768,-0.05098762041256755,0.008906564654709737,-0.03889184417428404,0.1271818118845216,-0.11158642587879819,0.06981012665915975,0.16126078608949967,-0.01884467563382186,0.11904568499458157
2022-04-01,-0.09986698966052832,-0.32015826464193664,-0.09713085416418854,-0.2375250931362105,-0.09844399380647573,-0.11361506882395556,-0.17946686322153727,-0.1767496562716625,-0.07663443129615266,-0.19194510982164714,-0.49181771411043895,-0.21785257447068018,-0.08210484281737207,0.032616468773741136,-0.0405921741046934,-0.01946671841614911,-0.13096436405256728,-0.16274668562748307,-0.12159253052324459,-0.07210580942085765,-0.035687586660577586,-0.1291280726757411,-0.15079023719321605,-0.12453470703717462,-0.20677536176906464,-0.005499040042699521,-0.13086733448376475,-0.12046001832743636,-0.058821771956246605,0.04694026111315419,-0.06538316039020686,-0.05628418218333042,-0.12784786068535803,-0.03635646646119972,-0.09835981309716979,0.07429567431787198,-0.17950985324914226,0.0328110353074047,-0.15594440324769465,-0.13946644462740154,-0.12471378851444859,0.010872922224303805,-0.1814658330784814,-0.08275568560586699,-0.23968872334601954,-0.07222507145655443,-0.06612756623518579,0.010070925621988414,-0.08304417212815329,-0.19007116435482962,-0.004891675304819487,-0.11447388411643333,-0.21972594944686663,-0.05700017902843679,0.07234040887251769,-0.09420578289493042,-0.13228655893964303,0.10682803251830686,-0.008305622606726404,0.0009043714006324866,-0.11695827669868009,-0.006615009513597947,-0.15429861152118063,-0.20136829222477615,-0.13680785453568545,-0.07137098364175343,-0.21310274392669182,-0.14916970153147568,0.09371281309331048,-0.21452930251292268,-0.029022823384336927,-0.047672398161444196,-0.06034472695618964,-0.06561423146533096,-0.06885531542598355,-0.017846028791087987,-0.07509039358862302,-0.20261439357017386,0.027566336881542863,-0.09780291993828483,-0.015004765292153666,-0.1480359945457297,-0.16770483784764556,-0.044888179718799326,0.022191980577700665,-0.08781931031004453,-0.13209504883148848,-0.22264864143286123,-0.1597314053428276,-0.2348296222116214,0.014361555662902203,-0.27166935943165904,-0.15097309937454684,-0.19986925853615378,-0.05293684903621054,-0.09365567506639771
2022-05-01,-0.020358818569413906,0.00673938230120763,-0.05588314840863007,-0.03276431760316645,-0.03406990068711113,0.04642950468378193,-0.0030453001704082716,-0.00806756099834427,-0.12175859700946412,-0.12919748573786138,0.03719269703905259,0.19106647110246278,0.02527024056427951,-0.02306212661086582,0.08242635965777079,0.040774172972776634,0.05184997637672084,0.06289081583450296,-0.07393831718243504,0.03823782988559299,0.10099043053087486,-0.008883312013127975,0.11996753409503125,0.08433633074373947,-0.048725463908947164,0.000568367413601667,0.11651945332726776,0.019041071629316786,0.015043095229057224,-0.016726474283729975,0.09081480005633091,0.008541829145267021,0.14279891892518015,0.02181681230538679,-0.1042260521252596,0.16848452763575095,0.051714808037572,-0.014267876450643868,0.022207543354506365,0.1130095285625432,-0.19505931819865518,0.09285459890724956,-0.19283505957953495,0.019091743503458325,-0.030933711034492273,0.11035701728403868,0.0026932565757173954,-0.033460795419268496,-0.07425734411217144,0.019342529773364037,-0.057252577779225544,0.050482228560589704,0.08124393922640527,0.0456351829834134,0.040149421442035704,0.007743046560519273,0.11426397913565123,-0.1478401520491489,-0.07112286227200715,0.00120481898800473,0.09758031138958012,0.02946208320048327,0.01775026832299753,-0.2707914919158442,-0.2438316141296536,-0.022883287844485123,-0.0902713595925243,-0.11659876349938014,-0.11259675631370691,0.18306145821166386,-0.1746609186717698,-0.14275918602134086,-0.0781094559920974,0.17450230857879956,-0.026339835921404875,0.05066280840522408,0.20430962649458273,-0.21021692040288864,0.06366356317215827,-0.07663805570567617,-0.035865803865422596,0.15989671755117385,0.1644597888014956,-0.042125123391547725,0.02839194748644802,0.04093636859213445,-0.05560599569838198,0.042004824310387656,-0.24489497785353231,-0.2113151897874228,-0.01305013947068856,0.01652898902008193,-0.19271868985405982,-0.3318400845512248,0.033726249841221634,0.06666684427374925
2022-06-01,-0.05312027521152285,-0.1881425469944279,-0.08008032307819302,-0.11645921262241288,-0.16726921739242928,-0.1625843515717006,-0.04218459896283844,-0.04092026097212853,0.028012414503287175,-0.11188774122303669,-0.11431324475857818,-0.24926368778234786,-0.10808556347452214,-0.006497763461518868,0.009378056985158256,-0.11442007698315404,-0.12106226492917938,-0.2224190241750026,-0.05349612376570967,-0.1248318146309858,-0.04473476402082899,-0.07001878611789047,-0.11382110256577482,-0.25135408865499975,-0.11830079400802285,-0.09770887042939225,-0.18052824264886602,-0.1511545749415335,-0.2204398436148527,0.048911278417897774,-0.12844309454461655,-0.11073500381045076,-0.12252946229170247,-0.057863045195291174,-0.017582265304622924,0.22740816504343142,-0.020024990640804208,-0.023127896011304272,-0.168131851042422,-0.04855889538609037,0.05356579643217696,-0.046877458411601514,-0.18960911187433105,-0.024068152286947475,-0.18037792409016495,-0.21990946998361105,-0.05982720301041344,-0.2058500367930557,-0.08297225865370117,-0.2640744108890477,-0.1080147343173895,-0.008490627759679126,-0.017064581960317016,-0.04802708531028754,0.040170490252789515,-0.051252904738951166,-0.19720060713975396,-0.1739589728115778,0.018710313840530457,-0.006167236914888408,-0.17227433591399666,-0.05226998855276177,-0.03821305021000998,0.0006041238984570985,-0.1069737741154515,-0.07434552708936715,-0.10441240141128016,-0.19519692596225835,0.01840931071168983,-0.07575009261889143,-0.06860506652892451,-0.010461934809631646,-0.005330373425122437,-0.12261094749783208,-0.06796112481309424,-0.07133349704953773,-0.18389479133832742,-0.001572507881734908,-0.016726046926755722,-0.09303244189953808,0.019700012207031214,-0.19369787906056135,-0.17089648780044986,-0.008697059258950923,-0.06079093796246349,-0.06952742633621001,-0.08092638366444449,-0.016060387212759708,-0.02338494948522396,0.05684630135298252,-0.027942341897181477,-0.2726287522301505,-0.23016534199331862,0.09424417743511038,-0.12513797807750193,-0.038793256856846314
2022-07-01,0.09309660387268637,0.19841941544249964,0.18863370378007827,0.27059597129750057,-0.013333233552588863,0.11137955858618076,0.06751838773274921,0.06644723440132916,0.12940258460787324,0.32376526434081954,0.2860982454180876,0.23538642229191908,0.14156582887793467,0.05710395210990038,0.06332687273907434,0.05418419301212096,0.12036277619092006,0.16487133774837592,0.06402449262763588,0.16426961697620635,0.0171392996458426,0.18350451265146184,-0.04383277216494863,0.1190303271761406,0.1467788872982121,0.10730120514594232,0.1784464401580299,-0.029403971835425424,0.10674733154289484,-0.004897281099278228,0.17708259738278276,-0.01596941850934752,0.2020182639891177,0.15342449934691982,0.01044662031138377,-0.206957946171905,0.10983124831874047,0.037288361071927234,0.20711103859893942,0.21007568399265164,0.0892264402157088,-0.021248496157102226,0.277670526498786,0.2402852985741173,0.2389748470297577,0.24844085510240133,0.1391052881698458,0.16770825038647508,0.11252578437267213,0.2791178153005982,0.1064741618811631,0.11369826513155168,0.14868735965599833,0.11148889693107678,0.07464947169527458,0.17890669783020763,0.18560611824934914,0.16140791606915106,0.10045790448418113,0.002421793902384728,0.2579669625401002,0.02730861160591691,0.05425944848837405,0.10130153193904357,0.1111907441529203,0.1265477626428122,0.13814039338464745,0.07424207819683293,-0.034347042282809936,-0.07775381036581552,0.13902654506652046,0.10125077518621661,0.18429064780033855,0.08021310712674423,0.028846132857731854,0.02581663304126991,0.05670666154806958,0.07108362478277974,0.04863397465212893,0.006963861271968241,0.0545258163384712,-0.11014880665437543,0.327370243618192,0.2016221903864197,0.0416326082637295,0.15213249494108383,0.165907468185561,0.08324489553464032,0.037121284567394275,0.11696912562250406,0.06102017410586047,0.11773471793767576,0.17530913407696613,0.2041233187695688,0.04538224325265694,0.08972249336251004
2022-08-01,-0.06864003162657983,-0.16896989685900787,-0.03255175049007186,-0.06061504624052039,0.02407282756162865,-0.06792030734093968,-0.06963548120645224,-0.06421465457741082,-0.033805444956783726,-0.07248867234513756,-0.005958187524484293,-0.10161954430055886,-0.08817024154932551,-0.015375010648952525,0.006291254236761024,-0.06337753275173574,-0.08943722108769736,-0.11237973124516742,-0.005455241724090176,-0.07038868360223116,-0.028973202095812667,-0.05189762402181031,-0.02894046758452462,-0.08437304671606238,-0.10613890980634921,-0.016159093877700204,-0.12507244704105713,-0.12090328812109341,-0.03093456858938437,0.004814400648638584,-0.1188066748525356,-0.0010830594993351816,-0.10275333180446466,0.013644740116392606,0.1156281121004612,0.4548052538992069,-0.008374517464354359,-0.03404117799730677,-0.1470998185636868,-0.05844900948660714,-0.005392186602683924,0.06225936077738203,0.05118526533314083,-0.06615432844723534,0.07985674054768,-0.10495980761508161,-0.043831775789812455,-0.031985923336699806,-0.02103311714024725,-0.15797064541523742,-0.07665370032335583,-0.00919574111531618,-0.19391792781752915,-0.04381568840607619,-0.1083115902232551,-0.0659641231461644,-0.0524251236580876,0.0616537337377725,-0.016004094994237827,-0.05813088408718137,-0.06740015411150713,0.016639819876201667,-0.1837385183370862,0.0015837871651798174,0.060992850308235314,-0.0385095477287456,-0.12916478406890342,0.39333335028754335,0.015476390290732445,-0.04505901630568088,-0.033976419370538524,-0.01624167529788867,-0.10576270383194974,-0.03322433466787078,-0.013724447732830991,-0.05549581590714614,0.0410872269894782,0.02882065239137499,-0.09146336285207646,-0.07048252422516299,-0.09150931321116273,-0.016737977711901886,0.029799309675735852,-0.04063916651146526,0.014621404442539898,-0.05965950170574308,-0.11000390070208266,-0.07662170192351803,0.02695735844437097,0.18316450886849656,-0.1794872268082971,-0.11733334859212241,-0.06941108452332834,0.033251141198417766,-0.11509317616143921,-0.08832329997324939
2022-09-01,-0.10737620156492489,-0.1957732493613611,-0.11975606926453497,-0.10862189009783763,-0.16724972467443056,-0.11039650237704235,-0.1161522607676786,-0.1191021400819734,-0.09544142877419715,-0.03758929611475259,0.05314011903985105,-0.2534464644764812,-0.14104504966605014,-0.05230168862991691,-0.06800509921299513,-0.04691341129537663,-0.2630676670740144,-0.1268254216832957,-0.10554546879802118,-0.06313189476104608,-0.054762085675801764,-0.10296915118178596,-0.18955504176870952,-0.11374487356530705,-0.08894722738969618,-0.11379040415293695,-0.1642119324471807,-0.18451880102668972,-0.12399990766542424,0.02761214689681646,-0.07602044280913112,0.18554021617659577,-0.1175162241887906,-0.07454682378071775,-0.11752665718490263,-0.12230015213846679,0.00797054177891754,-0.11364365616261873,-0.15020690347867172,-0.11707410130703821,-0.09747551060874804,-0.028044764718736293,-0.032243682808416385,-0.05950400726506955,-0.07887417116885853,-0.10371851521426456,-0.04328046769480487,-0.08681312174624634,-0.15571345248074608,-0.08351135892415773,-0.10666196454982813,0.00893674046417603,-0.10599534149542589,-0.04018924412504965,-0.021051477068958935,-0.11073965592164392,-0.06073075977593978,-0.02318288108014488,-0.06033573155525984,-0.11466266441122608,-0.07405572536237737,-0.13044848733574033,0.009036813592450788,-0.020313808387582566,-0.07498782523679126,-0.08471453213855551,-0.06276971299324408,-0.04704945338187505,-0.09902669382973539,-0.26483774201135113,-0.06800904946531672,-0.08885440227579766,-0.08341612141510857,-0.08662497959066429,-0.08523745206490296,-0.14053475949809846,-0.0749966317798666,-0.1540733553038578,-0.13321127399475996,-0.08713046435703675,0.36656768004558415,-0.16397519135365135,-0.09364541408133131,0.00014362631128839176,-0.13804703193990964,-0.08316759805001817,-0.10712849688516068,-0.11063966896793509,0.03221545746708521,-0.14968104165416463,0.003095618001233369,-0.1314199245617672,-0.05380879853381226,-0.38499657260907816,-0.09374891712556055,-0.05931771796296681
2022-10-01,-0.0033061445845009585,0.11220138451500139,0.10955152493964504,-0.09345130582826322,-0.3133844075429215,0.06768327229885562,-0.011918469431227319,-0.015496596508108196,0.06189262268694673,-0.14216779156971604,0.2397213806326408,-0.05208332079026845,0.04142302679519827,0.11968802779460685,0.1296116798794309,0.10755217039040388,0.15734006494300012,0.07762723027074814,0.13574996623453583,0.03779563639691674,0.19942341163505928,0.10373859463675283,0.08216848735490112,0.07984016058554966,0.3149274328341394,0.22189616060068706,0.110238062508208,0.10322090642391268,0.13770004135569036,0.07757128822351844,0.023539535821379243,0.08692497177588066,0.04566633051400504,0.07318803920860084,0.04762197552649994,-0.12384147927835532,0.027652504019588076,0.12875847904723625,0.1374021973539259,-0.042420940585870315,-0.0219040147068027,0.286266709310953,0.08920240064625973,-0.07367064691741265,-0.028929916028793357,-0.004282058127149324,0.1013936942854552,0.14250051567090916,0.09084078010550956,-0.07527388286754888,0.15265263089480086,0.19026091130910716,0.2712896560765725,0.15700789428860218,0.0777369159084722,0.08101499054105665,0.01163370397725827,0.13950781922616806,0.09027298920588223,0.07239238741367715,0.14721627168485862,0.01700396699887241,0.16344389588275932,0.4996274820753279,0.023650020198699107,0.05436248029461099,0.10399019690676514,-0.10895394680390302,0.15352326644100978,0.2118674393292752,0.17699245749906511,0.07391543351667518,0.10626914496955364,0.08858348193333954,0.049739499413851807,0.030165599869718118,0.30425025461304567,-0.09315157419212461,0.1039416405567668,0.0837395719985492,0.061573042851708726,0.3196564522268748,-0.01443929888400064,0.1876525399639506,0.02399947463321417,0.10718862232581206,-0.0024356937012447455,0.08697250786177602,-0.062480923031906666,-0.03732371312519622,0.1645848118437796,0.13043478260869557,0.1993291858921098,-0.07821312938279057,0.16242026211408533,0.057793163778012024
2022-11-01,0.09912554462815448,0.25383421195423694,-0.03462882398873646,-0.05759470309709913,0.2677113750546618,0.17210526804098336,0.06856410041723326,0.07173037929834436,0.0772151139372852,-0.14432626046795272,0.04676577246860303,0.292540717255801,0.07504681233871269,0.02164337760401902,-0.0006597563793010464,0.13159578177580644,0.0829827085581829,0.24136355150091848,0.10459676503990378,0.1324090275190566,0.0593671989095772,-0.04477167860053066,0.16464537916386623,0.06786770444180457,0.0970504049550236,0.07612002764254155,0.16700426363943977,0.057685350527208135,0.11231462106463352,0.014102544540014028,0.20537094908749864,0.003939916136268762,0.2423764366414185,0.092842275760467,-0.0098490732412998,0.49626113762158264,0.1802747958812716,0.09970724422956012,0.2872442651903493,0.16062219351452156,-0.27016126703988863,0.11942391037764577,0.03257469363616994,0.13640262883769028,-0.06185688030248837,0.20372398402724512,0.08006094546056519,0.03272752284437397,0.12491402900701143,0.1738355745653124,0.060470313085808414,0.03269347405654033,0.17015899367713883,0.09377256927847588,0.09752453340375511,0.1573639280332233,0.2826366481787168,0.22969992894104263,-0.004376914893888362,0.15575575160863186,-0.05762951902773816,0.10100097879938419,-0.06997900648491862,-0.03725782451962856,0.07752525994386894,0.0483475642763751,0.18402469914714015,-0.020661199363997462,0.02287496945717349,0.06438717627475343,0.15581688451929487,0.004813127418918262,0.1020026563009877,0.038266075401326205,0.07284376888559674,0.0720394300087499,-0.05785750133631251,-0.0587505059176372,0.12837416707483418,-0.000642471942055467,0.07666529353357676,0.04916849054766903,0.2241575219706815,-0.020309481145840635,0.0784825497588153,0.09160341527762328,0.14984625990638012,-0.10795071364908815,-0.1340039476792878,-0.35110735547710603,-0.05179814961430407,-0.12307695242074823,-0.04693647910755627,-0.16576515620521592,0.13698643989427906,0.07450332934542936
2022-12-01,-0.05739646741920912,-0.1362207689207403,-0.12081658614483104,-0.1298943525647971,0.018966971640274055,0.014699537421608788,-0.12634904240622258,-0.1253819038197158,-0.15345369513709206,-0.3673343490707852,-0.03485744096826815,-0.1656576203187402,-0.12529861735157943,-0.026144006173158152,-0.0756634628219851,-0.030611189531590255,-0.02435275005029791,-0.10933290720707245,-0.041834283040052433,-0.0844507972073899,-0.07664435109295153,-0.04506978631981484,-0.04557852170200849,-0.13304427574396183,-0.018639773186428177,-0.01913265628243599,-0.11025025728484794,-0.10917961898102291,-0.03085908443372154,-0.0872945500947887,-0.04583801522196895,-0.04018893372631194,-0.03771203962203007,-0.09570672754058618,-0.17869335904066674,-0.0059726701401924265,-0.02377592872536205,-0.014198971340616873,-0.09878743369320186,-0.05963951078042362,-0.10505737739096244,-0.022543571144728825,-0.09103212804539862,-0.06626362672267827,-0.09169751441907825,-0.10128519740680453,-0.01946140561146681,-0.09729718914096064,-0.04931059108348046,-0.2037832712809009,-0.015493698731609329,-0.02372353997702581,0.021090281267939437,-0.062145703431194965,-0.012930214108134441,-0.08518627369170095,-0.1089526243227884,-0.013597169596030967,-0.07783819749896792,-0.002501106236145856,-0.07467195869737764,-0.009904006179760172,-0.0803235603841248,-0.026143798997601997,-0.0033948307692084345,-0.061866717617888645,-0.042055096314500995,-0.140199417801394,0.04529373122631508,-0.13337933834672555,-0.15758195435434996,-0.03968213770902007,-0.06222523369892863,-0.06437416770957805,-0.08134339612135666,0.054069471980602524,-0.06326110648859107,-0.030087078596255812,0.06500784417735894,-0.07649749894742908,-0.09257134959850744,0.024454512193370137,-0.1706116826731776,-0.046396866902182476,-0.0015666680732372429,-0.05035678362754625,-0.04998036398481798,-0.014760196347361587,-0.16148367115153495,-0.02181687806458943,-0.058886095149910056,-0.16842106495977915,-0.07281733652549516,0.2891479022238319,-0.08916291519848607,-0.09674550210521216
